{
  "id": "496f0930-4b96-419f-b16a-18beb3d8f1a2",
  "prevId": "00000000-0000-0000-0000-000000000000",
  "version": "7",
  "dialect": "postgresql",
  "tables": {
    "public.bets": {
      "name": "bets",
      "schema": "",
      "columns": {
        "id": {
          "name": "id",
          "type": "varchar",
          "primaryKey": true,
          "notNull": true,
          "default": "gen_random_uuid()"
        },
        "user_id": {
          "name": "user_id",
          "type": "varchar",
          "primaryKey": false,
          "notNull": true
        },
        "game_id": {
          "name": "game_id",
          "type": "varchar",
          "primaryKey": false,
          "notNull": true
        },
        "bet_type": {
          "name": "bet_type",
          "type": "text",
          "primaryKey": false,
          "notNull": true
        },
        "amount": {
          "name": "amount",
          "type": "numeric(10, 2)",
          "primaryKey": false,
          "notNull": true
        },
        "odds": {
          "name": "odds",
          "type": "numeric(4, 2)",
          "primaryKey": false,
          "notNull": true
        },
        "potential_win": {
          "name": "potential_win",
          "type": "numeric(10, 2)",
          "primaryKey": false,
          "notNull": true
        },
        "status": {
          "name": "status",
          "type": "text",
          "primaryKey": false,
          "notNull": true,
          "default": "'pending'"
        },
        "placed_at": {
          "name": "placed_at",
          "type": "timestamp",
          "primaryKey": false,
          "notNull": true,
          "default": "now()"
        }
      },
      "indexes": {},
      "foreignKeys": {
        "bets_user_id_users_id_fk": {
          "name": "bets_user_id_users_id_fk",
          "tableFrom": "bets",
          "tableTo": "users",
          "columnsFrom": [
            "user_id"
          ],
          "columnsTo": [
            "id"
          ],
          "onDelete": "no action",
          "onUpdate": "no action"
        },
        "bets_game_id_games_id_fk": {
          "name": "bets_game_id_games_id_fk",
          "tableFrom": "bets",
          "tableTo": "games",
          "columnsFrom": [
            "game_id"
          ],
          "columnsTo": [
            "id"
          ],
          "onDelete": "no action",
          "onUpdate": "no action"
        }
      },
      "compositePrimaryKeys": {},
      "uniqueConstraints": {},
      "policies": {},
      "checkConstraints": {},
      "isRLSEnabled": false
    },
    "public.games": {
      "name": "games",
      "schema": "",
      "columns": {
        "id": {
          "name": "id",
          "type": "varchar",
          "primaryKey": true,
          "notNull": true,
          "default": "gen_random_uuid()"
        },
        "home_team": {
          "name": "home_team",
          "type": "text",
          "primaryKey": false,
          "notNull": true
        },
        "away_team": {
          "name": "away_team",
          "type": "text",
          "primaryKey": false,
          "notNull": true
        },
        "home_team_color": {
          "name": "home_team_color",
          "type": "text",
          "primaryKey": false,
          "notNull": true,
          "default": "'from-red-500 to-blue-600'"
        },
        "away_team_color": {
          "name": "away_team_color",
          "type": "text",
          "primaryKey": false,
          "notNull": true,
          "default": "'from-green-500 to-blue-500'"
        },
        "venue": {
          "name": "venue",
          "type": "text",
          "primaryKey": false,
          "notNull": true
        },
        "game_date": {
          "name": "game_date",
          "type": "timestamp",
          "primaryKey": false,
          "notNull": true
        },
        "status": {
          "name": "status",
          "type": "text",
          "primaryKey": false,
          "notNull": true,
          "default": "'upcoming'"
        },
        "home_odds": {
          "name": "home_odds",
          "type": "numeric(4, 2)",
          "primaryKey": false,
          "notNull": true
        },
        "away_odds": {
          "name": "away_odds",
          "type": "numeric(4, 2)",
          "primaryKey": false,
          "notNull": true
        },
        "draw_odds": {
          "name": "draw_odds",
          "type": "numeric(4, 2)",
          "primaryKey": false,
          "notNull": true
        },
        "result": {
          "name": "result",
          "type": "text",
          "primaryKey": false,
          "notNull": false
        },
        "home_score": {
          "name": "home_score",
          "type": "integer",
          "primaryKey": false,
          "notNull": false,
          "default": 0
        },
        "away_score": {
          "name": "away_score",
          "type": "integer",
          "primaryKey": false,
          "notNull": false,
          "default": 0
        }
      },
      "indexes": {},
      "foreignKeys": {},
      "compositePrimaryKeys": {},
      "uniqueConstraints": {},
      "policies": {},
      "checkConstraints": {},
      "isRLSEnabled": false
    },
    "public.goal_predictions": {
      "name": "goal_predictions",
      "schema": "",
      "columns": {
        "id": {
          "name": "id",
          "type": "varchar",
          "primaryKey": true,
          "notNull": true,
          "default": "gen_random_uuid()"
        },
        "user_id": {
          "name": "user_id",
          "type": "varchar",
          "primaryKey": false,
          "notNull": true
        },
        "game_id": {
          "name": "game_id",
          "type": "varchar",
          "primaryKey": false,
          "notNull": true
        },
        "player_name": {
          "name": "player_name",
          "type": "text",
          "primaryKey": false,
          "notNull": true
        },
        "team": {
          "name": "team",
          "type": "text",
          "primaryKey": false,
          "notNull": true
        },
        "predicted_goals": {
          "name": "predicted_goals",
          "type": "integer",
          "primaryKey": false,
          "notNull": true,
          "default": 1
        },
        "actual_goals": {
          "name": "actual_goals",
          "type": "integer",
          "primaryKey": false,
          "notNull": false
        },
        "status": {
          "name": "status",
          "type": "text",
          "primaryKey": false,
          "notNull": true,
          "default": "'pending'"
        },
        "reviewed_by": {
          "name": "reviewed_by",
          "type": "varchar",
          "primaryKey": false,
          "notNull": false
        },
        "reviewed_at": {
          "name": "reviewed_at",
          "type": "timestamp",
          "primaryKey": false,
          "notNull": false
        },
        "placed_at": {
          "name": "placed_at",
          "type": "timestamp",
          "primaryKey": false,
          "notNull": true,
          "default": "now()"
        }
      },
      "indexes": {},
      "foreignKeys": {
        "goal_predictions_user_id_users_id_fk": {
          "name": "goal_predictions_user_id_users_id_fk",
          "tableFrom": "goal_predictions",
          "tableTo": "users",
          "columnsFrom": [
            "user_id"
          ],
          "columnsTo": [
            "id"
          ],
          "onDelete": "no action",
          "onUpdate": "no action"
        },
        "goal_predictions_game_id_games_id_fk": {
          "name": "goal_predictions_game_id_games_id_fk",
          "tableFrom": "goal_predictions",
          "tableTo": "games",
          "columnsFrom": [
            "game_id"
          ],
          "columnsTo": [
            "id"
          ],
          "onDelete": "no action",
          "onUpdate": "no action"
        },
        "goal_predictions_reviewed_by_users_id_fk": {
          "name": "goal_predictions_reviewed_by_users_id_fk",
          "tableFrom": "goal_predictions",
          "tableTo": "users",
          "columnsFrom": [
            "reviewed_by"
          ],
          "columnsTo": [
            "id"
          ],
          "onDelete": "no action",
          "onUpdate": "no action"
        }
      },
      "compositePrimaryKeys": {},
      "uniqueConstraints": {},
      "policies": {},
      "checkConstraints": {},
      "isRLSEnabled": false
    },
    "public.sessions": {
      "name": "sessions",
      "schema": "",
      "columns": {
        "sid": {
          "name": "sid",
          "type": "varchar",
          "primaryKey": true,
          "notNull": true
        },
        "sess": {
          "name": "sess",
          "type": "text",
          "primaryKey": false,
          "notNull": true
        },
        "expire": {
          "name": "expire",
          "type": "timestamp",
          "primaryKey": false,
          "notNull": true
        }
      },
      "indexes": {},
      "foreignKeys": {},
      "compositePrimaryKeys": {},
      "uniqueConstraints": {},
      "policies": {},
      "checkConstraints": {},
      "isRLSEnabled": false
    },
    "public.users": {
      "name": "users",
      "schema": "",
      "columns": {
        "id": {
          "name": "id",
          "type": "varchar",
          "primaryKey": true,
          "notNull": true,
          "default": "gen_random_uuid()"
        },
        "username": {
          "name": "username",
          "type": "text",
          "primaryKey": false,
          "notNull": true
        },
        "balance": {
          "name": "balance",
          "type": "numeric(10, 2)",
          "primaryKey": false,
          "notNull": true,
          "default": "'500.00'"
        },
        "total_winnings": {
          "name": "total_winnings",
          "type": "numeric(10, 2)",
          "primaryKey": false,
          "notNull": true,
          "default": "'0.00'"
        },
        "bets_won": {
          "name": "bets_won",
          "type": "integer",
          "primaryKey": false,
          "notNull": true,
          "default": 0
        },
        "is_staff": {
          "name": "is_staff",
          "type": "boolean",
          "primaryKey": false,
          "notNull": true,
          "default": false
        },
        "created_at": {
          "name": "created_at",
          "type": "timestamp",
          "primaryKey": false,
          "notNull": true,
          "default": "now()"
        }
      },
      "indexes": {},
      "foreignKeys": {},
      "compositePrimaryKeys": {},
      "uniqueConstraints": {
        "users_username_unique": {
          "name": "users_username_unique",
          "nullsNotDistinct": false,
          "columns": [
            "username"
          ]
        }
      },
      "policies": {},
      "checkConstraints": {},
      "isRLSEnabled": false
    }
  },
  "enums": {},
  "schemas": {},
  "sequences": {},
  "roles": {},
  "policies": {},
  "views": {},
  "_meta": {
    "columns": {},
    "schemas": {},
    "tables": {}
  }
}